0,0,p29Qqsdk+L6gRabLC56ShREaVhA=,RYXMcooXjStmQiZWb4BxoqWh1ko=
4,0,p29Qqsdk+L6gRabLC56ShREaVhA=,IAfmDCk712EP9KUZj1SE7w9vQfQ=
0,1,p29Qqsdk+L6gRabLC56ShREaVhA=,RYXMcooXjStmQiZWb4BxoqWh1ko=
0,2,p29Qqsdk+L6gRabLC56ShREaVhA=,2laTYzQaDdvkgsBs9OUyOQd1GaY=
1,1,p29Qqsdk+L6gRabLC56ShREaVhA=,McYmSn/MoeFrKkPtlsYJB42Mz+Y=
1,0,p29Qqsdk+L6gRabLC56ShREaVhA=,McYmSn/MoeFrKkPtlsYJB42Mz+Y=
1,2,p29Qqsdk+L6gRabLC56ShREaVhA=,Mot0ShQQWLwR0zVeN7KrNdwHThM=
2,0,p29Qqsdk+L6gRabLC56ShREaVhA=,McYmSn/MoeFrKkPtlsYJB42Mz+Y=
2,1,p29Qqsdk+L6gRabLC56ShREaVhA=,Mot0ShQQWLwR0zVeN7KrNdwHThM=
3,0,p29Qqsdk+L6gRabLC56ShREaVhA=,fK4fQCEhNzFkSupdY5AlVB3rFVU=
